[
  {
    "id": "34544541-1f1d-45a8-8355-64d98d20b27c",
    "data": [
      {
        "text": "Timings",
        "userDefined": false
      }
    ],
    "isTemplate": false,
    "count": 0,
    "lang": "en",
    "updated": 0
  },
  {
    "id": "90eaede6-ece1-4881-8589-c633400df20d",
    "data": [
      {
        "text": "What time do you ",
        "userDefined": false
      },
      {
        "text": "open on sundays",
        "meta": "@hours_of_operation",
        "alias": "hours_of_operation",
        "userDefined": true
      },
      {
        "text": "?",
        "userDefined": false
      }
    ],
    "isTemplate": false,
    "count": 0,
    "lang": "en",
    "updated": 0
  },
  {
    "id": "acdcd923-d8b6-4e76-9b4c-fed9fe385814",
    "data": [
      {
        "text": "What are your ",
        "userDefined": false
      },
      {
        "text": "hour of operations",
        "meta": "@hours_of_operation",
        "alias": "hours_of_operation",
        "userDefined": true
      },
      {
        "text": "?",
        "userDefined": false
      }
    ],
    "isTemplate": false,
    "count": 0,
    "lang": "en",
    "updated": 0
  }
]